Name,Ligand-pdb-id,Final-check-result
10_7LZD,YHY,IC50=0.018uM
11_7A9H,,Na
12_7Z7F,,Na
13_7MOI,,Na
14_7PJQ,,Na
15_8A1H,,Na
16_5SAK,ZRY,Kd=6.4uM
17_7N03,,Na
18_7CNQ,,Na
19_7TOM,,Na
20_7X5N,5M5,Ki=0.028uM;Ki=0.0088uM
21_7WUX,,Na
22_7N7H,,Na
23_7XI7,4RI,Ki=24.7nM
24_6YSP,PAL;CP,Kd=0.6uM;Kd=140uM
25_7WDT,NGY/NGS,Kd=24.9uM
26_7QFM,AY3,IC50=2.74uM
27_8C5M,,Na
28_7FHA,,Na
29_7C3U,,Na
30_7NF0,,Na
31_7X9K,,Na
32_7M6K,YRJ,Kd=2.83uM
33_8HO0,,Na
34_7T0D,XO7,IC50=1.1uM
35_7O0N,,Kd=19uM
36_8EYE,X4I,Ki=131nM
37_7P4C,,Na
38_7VB8,STL,Kd=4.69uM
39_7B94,T3W,Kd=28uM
40_8EX2,Q2Q,IC50=25uM
41_7F51,,Na
42_7TXK,,Na
43_7ES1,,Na
44_7D5C,GVU,Na
45_7UQ3,O2U,IC50=53uM
46_8HFN,,Na
47_8AEM,,Na
48_7PGX,,Na
49_7TS6,,Na
50_7SCW,,Kd=3.4uM
51_8FAV,LKY,IC50=5.4nM
52_7OEO,V9Z,pIC50=6.6
53_8EAB,,Na
54_7XFA,D9J,IC50=19nM
55_7UJ4,OQ4,Kd=0.45nM;Ki=4.71nM;IC50=12.72nM;KI=0.23nm;IC50=1.23nM
56_7TSF,K8O,Ki=46nM
57_7NR8,UOE,IC50=3.1nM
58_6YT6,PKE,Kd=320nM
59_8CSD,,Na
60_8AUH,,Na
61_7N4W,,Na
62_7QE4,NGA/A2G,Kd=2.2mM;IC50=4.9mM
63_8FLV,ZB9,IC50=0.005uM
64_7R3D,,Na
65_7T3E,,Na
66_7QPP,VDX,Kd=0.7uM
67_7ZU2,,Na
69_6ZC3,JOR,Kd>1000uM
70_7KQU,,Na
71_7AN5,,Na
72_7QHL,D5P,IC50=0.004uM
73_8D39,QDB,Kd=2.3uM
74_6M73,,Na
75_7A1P,QW2,IC50=14.8uM
76_7N6F,0I1,IC50=8.8nM
77_7N4N,0BK,IC50=182nM
78_8D5D,,Na
79_7UXS,,Na
80_7KB1,,Na
81_7RSV,7IQ,IC50=83nM
82_7YZU,DO7,Kd=11.5uM
83_7MMH,,Ki=27nM
84_8GFD,,Na
85_7R9N,,Na
86_7OZC,,Na
87_7JMV,,Na
88_6YQW,82I,pIC50=4.6
89_7BJJ,,Na
90_7XQZ,,Na
91_7RNI,60I,Kd=340nM
92_7OP9,06K,Ki=22.2uM
93_6XHT,,Na
94_7ZF0,,Na
95_6VTA,ACO,Ki=87uM
96_7XBV,,Na
97_8FO5,,Na
98_7LT0,ONJ,IC50=0.84uM
99_7MGT,ZD4,Kd=106nM
100_8C3N,ADP,Kd=26nM;Kd=13nM;Kd=11nM
101_7OZ9,,Na
102_7BCP,GCO,Kd=8.0uM
103_7DQL,4CL,IC50=605.3uM
104_7TE8,P0T,Kd=43nM
105_7UJF,,Na
106_7V14,ORU,Ki=6.4nM
107_7W06,,Kd=203uM
108_7CL8,TES,Kd=4.7uM
109_7ZOC,T8E,Ki=3.5nM
110_7LJN,,Na
111_7TB0,FFQ,Ki=1.87uM
112_8EXL,799,Ki=0.09nM
113_7NLV,,Na
114_7KZ9,,Na
115_7U3J,L6U,Kd=5.6uM;IC50=5.4uM
116_7WJB,,Na
117_6ZK5,,Na
118_7QF4,,Na
119_7WY1,,Na
120_6Z0R,Q4H,Kd=341uM
121_7A9E,,Na
122_6ZPB,,Na
123_7UYB,OK0,IC50=0.3nM
124_7OSO,0V1,Kd=84.9mM
125_7VYJ,,Na
126_7PL1,,Na
127_7B2C,,Na
128_7O1T,,Na
129_7ZHP,IQY,IC50=41nM;IC50=384nM;IC50=12.7uM;IC50=2.11uM
130_8DKO,,Na
131_7UTW,,Na
132_7CUO,,Na
133_7OFF,,Ki=217uM
134_6XBO,5MC,Kd=1.0uM;Ki=5.1uM;IC50=5.1uM
135_7WL4,JFU,IC50=0.12uM
136_7PRI,7TI,Ki=224.7nM
137_7UAW,,Na
138_7FB7,8NF,Kd=20.7uM
139_7MY1,,Na
140_6Z4N,,Na
141_7WKL,,Na
142_7K0V,VQP,Ki<0.08nM
143_6XG5,,Na
144_6WTN,,Na
145_7V43,,Na
146_7NUT,,Na
147_7VBU,6I4,IC50=2.03uM
148_7JY3,,Na
149_7P2I,,Na
150_6T88,,Na
151_7XG5,,Na
152_7UAS,MBU,Ki<0.02nM
153_7R6J,2I7,IC50=0.044uM
154_7MYU,ZR7,IC50=0.615nM
155_7NP6,UK8,IC50=0.11uM;IC50=0.033uM
156_8BTI,,Na
157_7OMX,CNa,Kd=58uM
158_8CNH,V6U,pIC50=7.66
159_7MGY,,Na
160_7ZZW,KKW,IC50=0.5uM
161_7Z2O,IAJ,IC50=2.1uM
162_7UMW,,Na
163_7V3S,5I9,IC50=3.7nM
164_7ZXV,,Na
165_7RWS,,Na
166_6Z1C,,Na
167_7C0U,,Na
168_8AAU,LH0,IC50=16.6nm;IC50=62nM;IC50=7nM;IC50=176nM;Kd=59nM
169_6YYO,Q1K,Kd=96uM
170_7PIH,7QW,Ki=3um
171_7AKL,RK5,IC50=1.0nM
172_7SUC,,Na
173_7N7B,,Na
174_8DSC,,Na
175_7OFK,VCH,IC50=41nM;IC50=17nM
176_7DKT,,Na
177_7ULC,,Na
178_7EBG,J0L,IC50=12.8uM
179_7TH4,,Na
180_7V3N,,Na
181_7RKW,,Kd=0.028uM
182_7QHG,T3B,IC50=13nM;IC50=20nM
183_7MFP,,Na
184_7PT3,,Na
185_7Q25,8J9,Ki=0.12uM
186_7NU0,,Na
187_7NPL,UKZ,pIC50=6.7
188_8DHG,T78,IC50=1.1nM
189_7FRX,,Na
190_7CIJ,,Na
191_7MSR,,Na
192_7LCU,XTA,Kd=0.204nM;Ki=0.413nM;IC50=1.9nM
193_7ODY,,Na
194_7ELT,,Na
195_7EPV,,Na
196_7F8T,,Na
197_7PRM,81I,IC50=19nM
198_7Z1Q,,Na
199_8AY3,OE3,IC50=379nM
200_8F4J,,Na
201_8B8H,,Na
202_7QTA,,Na
203_7ZL5,IWE,Ki=51.8nM
204_7BMI,U4B,IC50=0.11±0.01um
205_7E4L,,Na
206_7MWN,,Na
207_7RH3,59O,Kd=5.3uM
208_7NSW,HC4,Kd=158nM
209_7CNS,,Na
210_7R7R,,Na
211_8AP0,MYO,Kd=150uM
212_7USH,,Na
213_7JXX,VP7,IC50=1.85uM;IC50=199nM
214_7JHQ,7JHQ,Ki=1.7uM
215_8A2D,,Na
216_6M2B,,Kd=1.69nm;IC50=7.5nM
217_7XRL,,Na
218_7PUV,84Z,Kd=22nM
219_7VQ9,,Na
220_6ZAE,,Na
221_7WCF,ACP,Kd=70uM
222_7ECR,SIN,Ki=36.2mM
223_7Q2B,,Na
224_7L7C,XQ1,Kd=1100uM
225_7LOU,IFM,Ki=0.29uM
226_7MWU,ZPM,Ki=1.9mM
227_7SIU,9ID,Kd=2.2nM;IC50=4nM;IC50=86nM
228_7ZTL,,Na
229_7NFB,GEN,Kd=143nM
230_8G6P,,Na
231_7SZA,DUI,Kd=5.2uM
232_6XM9,V55,Ki=30uM;Ki=60uM
233_7OLI,,Na
234_7P1M,4IU,Kd=48uM
235_7L5F,,Na
236_7U0U,,Na
237_7CD9,FVR,Kd=0.21uM
238_7NF3,,Na
239_7T1D,E7K,IC50=3.0uM
240_7Q27,8KC,Ki=0.1uM
241_7C8Q,,Na
242_7POM,7VZ,Kd=0.33nM
243_7XPO,,Na
244_7NXO,UU8,IC50=60nM
245_8BOM,QU6,Kd=2nM
246_6YRV,,Na
247_7TBU,,Na
248_7M31,,Na
249_7LMO,,Na
250_7R59,I5F,IC50=44nM
251_7VWF,,Na
252_8AIE,,Na
